E213,1
E298,1
E118,2
E94,1
E299,4
E35,1
E151,6
E79,1
E78,2
E325,2
E328,8
E148,8
E149,6
E146,8
E72,2
E144,11
E145,4
E142,28
E143,4
E140,9
E141,4
E152,1
E245,1
E155,4
E154,3
E267,7
E266,1
E265,3
E259,20
E263,3
E262,1
E261,3
E260,2
E300,29
E301,4
E302,1
E303,5
E304,4
E305,26
E269,3
E307,1
E74,1
E217,1
E68,1
E69,2
E186,2
E107,1
E244,1
E60,6
E150,10
E62,1
E63,4
E64,8
E65,2
E157,11
E67,2
E246,2
E7,1
E241,1
E211,1
E252,36
E253,10
E319,8
E318,18
E256,14
E3,1
E254,1
E255,1
E313,12
E312,5
E258,17
E310,7
E317,1
E316,3
E315,1
E314,4
E98,1
E281,2
E156,2
E2,1
E167,17
E73,1
E59,14
E58,15
E147,8
E55,11
E54,6
E57,15
E56,10
E51,6
E50,16
E53,4
E52,29
E326,2
E327,2
E324,1
E70,7
E128,12
E323,39
E320,1
E221,1
E124,16
E125,12
E126,17
E127,12
E120,56
E121,20
E122,22
E76,1
E289,1
E251,1
E9,1
E75,9
E220,1
E5,3
E4,1
E247,1
E6,2
E1,10
E240,1
E243,1
E242,2
E42,4
E43,5
E40,20
E41,9
E46,1
E47,4
E44,17
E45,1
E48,14
E49,10
E108,1
E184,3
E194,2
E311,7
E331,12
E86,1
E333,1
E332,1
E335,2
E334,1
E139,9
E138,3
E339,3
E338,5
E135,7
E134,6
E133,8
E132,2
E131,9
E130,7
E238,1
E239,2
E85,3
E230,2
E177,3
E232,2
E233,2
E234,1
E235,1
E236,1
E83,1
E37,1
E36,3
E168,1
E192,1
E33,8
E175,7
E31,3
E30,1
E8,2
E81,1
E32,2
E39,1
E38,1
E248,1
E231,1
E169,3
E308,1
E87,1
E109,7
E250,3
E309,2
E102,5
E103,2
E100,1
E101,1
E106,1
E229,2
E104,1
E105,1
E182,1
E183,2
E180,2
E181,1
E340,2
E341,1
E61,11
E185,1
E223,1
E222,1
E188,71
E189,166
E227,2
E226,2
E225,1
E224,1
E24,1
E187,1
E26,1
E27,1
E20,1
E21,2
E22,2
E23,2
E196,1
E28,5
E29,1
E115,1
E114,1
E117,1
E116,1
E111,9
E110,5
E113,1
E112,4
E296,11
E297,1
E294,15
E295,5
E119,15
E293,15
E290,1
E291,1
E216,17
E160,2
E214,13
E215,1
E212,1
E337,1
E210,4
E161,20
E292,3
E336,3
E123,1
E218,1
E219,1
E137,2
E91,1
E92,3
E199,3
E306,3
E136,1
E195,1
E95,1
E197,3
E268,1
E191,1
E190,2
E193,1
E257,8
E19,5
E18,4
E166,2
E25,2
E11,1
E10,4
E13,3
E12,23
E15,1
E14,2
E17,11
E16,4
E90,2
E288,9
E162,3
E163,7
E164,4
E165,4
E97,1
E96,2
E99,3
E280,3
E283,15
E282,4
E285,3
E284,1
E287,3
E286,2
E201,1
E200,3
E203,44
E202,13
E205,2
E204,6
E207,16
E206,5
E209,1
E208,20
E93,1
E264,1
E277,1
E198,1
E270,4
E84,2
E71,1
E330,1
E66,2
E249,2
E173,22
E172,31
E171,15
E170,1
E82,1
E176,9
E80,1
E174,21
E322,1
E179,1
E178,1
E329,2
E88,1
E129,7
E34,1
E159,2
E158,1
E321,1
E274,1
E275,1
E276,15
E89,1
E153,9
E271,17
E272,1
E273,1
E228,2
E237,1
E278,1
E279,1
E77,1
