7573c7e2,369
34373e35,1
436533ec,1
93b71e72,1
d84840de,836
b8c49c8f,1
22e49556,5
2a697bb8,1
9e78f49c,1
0fe1c40c,1
f61e4849,1
fb38bbe6,1
7b6c5343,1
1ef34759,1
d7344a0d,20
4b421d81,1
aeb05b8b,1
64ed3ca9,1
a5bd6947,12
0a57efab,1
e3dc5d82,569
0f5f4ec0,1
5b6ccf8c,1
4262b0c4,1
2cc80c59,1
5861de1f,44
2551627e,1
824d2d76,1
fb3ad408,1
c1152ab4,1
042467a9,1
0f764d6e,1
4b19d79d,101
04afdf5b,1
d457bf7b,1
82ee71b6,1
fcf5561f,1
91d38ef4,1
3e27ce86,1
39fcdd54,1
7c25c286,1
466b6a27,1
d5999827,1
4a1b1c92,1
b55c6f04,1
687e729f,1
06c922be,1
6161b1f2,1
42309073,1
7d66ed86,1
7a7b2f86,1
ecf21a4a,1
